Antioquia	Abejorral	5002	0,2	0,25	Alta	0,13	0,07
Norte de Santander	Abrego	54003	0,3	0,2	Alta	0,07	0,04
Antioquia	Abriaquí	5004	0,2	0,25	Alta	0,13	0,07
Meta	Acacias	50006	0,3	0,3	Alta	0,17	0,06
Chocó	Acandí	27006	0,25	0,25	Alta	0,09	0,04
Huila	Acevedo	41006	0,3	0,15	Alta	0,17	0,06
Bolívar	Achí	13006	0,15	0,15	Intermedia	0,07	0,04
Huila	Agrado	41013	0,3	0,15	Alta	0,26	0,08
Cundinamarca	Agua de Dios	25001	0,2	0,2	Intermedia	0,11	0,06
Cesar	Aguachica	20011	0,15	0,15	Intermedia	0,08	0,04
Santander	Aguada	68013	0,15	0,2	Intermedia	0,17	0,09
Caldas	Aguadas	17013	0,25	0,25	Alta	0,2	0,1
Casanare	Aguazul	85010	0,3	0,2	Alta	0,14	0,06
Cesar	Agustín Codazzi	20013	0,1	0,1	Baja	0,07	0,04
Huila	Aipe	41016	0,25	0,25	Alta	0,14	0,05
Cundinamarca	Albán	25019	0,15	0,2	Intermedia	0,16	0,06
Nariño	Albán.	52019	0,25	0,25	Alta	0,16	0,08
Santander	Albania	68020	0,15	0,15	Intermedia	0,09	0,06
Caquetá	Albania.	18029	0,15	0,15	Intermedia	0,06	0,04
Guajira	Albania..	44035	0,1	0,1	Baja	0,08	0,04
Valle del Cauca	Alcalá	76020	0,25	0,25	Alta	0,16	0,1
Nariño	Aldana	52022	0,25	0,25	Alta	0,14	0,08
Antioquia	Alejandría	5021	0,15	0,2	Intermedia	0,09	0,05
Magdalena	Algarrobo	47030	0,1	0,1	Baja	0,05	0,02
Huila	Algeciras	41020	0,3	0,2	Alta	0,2	0,08
Cauca	Almaguer	19022	0,25	0,25	Alta	0,16	0,08
Boyacá	Almeida	15022	0,25	0,25	Alta	0,16	0,08
Tolima	Alpujarra	73024	0,25	0,25	Alta	0,14	0,07
Huila	Altamira	41026	0,3	0,15	Alta	0,2	0,08
Chocó	Alto Baudó	27025	0,4	0,4	Alta	0,24	0,1
Bolívar	Altos del Rosario	13030	0,15	0,15	Intermedia	0,06	0,03
Tolima	Alvarado	73026	0,2	0,2	Intermedia	0,13	0,07
Antioquia	Amagá	5030	0,2	0,25	Alta	0,16	0,09
Antioquia	Amalfi	5031	0,15	0,2	Intermedia	0,07	0,04
Tolima	Ambalema	73030	0,2	0,2	Intermedia	0,1	0,06
Cundinamarca	Anapóima	25035	0,15	0,2	Intermedia	0,13	0,06
Nariño	Ancuyá	52036	0,25	0,25	Alta	0,15	0,08
Valle del Cauca	Andalucía	76036	0,25	0,25	Alta	0,14	0,09
Antioquia	Andes	5034	0,25	0,3	Alta	0,17	0,1
Antioquia	Angelópolis	5036	0,2	0,25	Alta	0,16	0,08
Antioquia	Angostura	5038	0,15	0,2	Intermedia	0,09	0,04
Cundinamarca	Anolaima	25040	0,15	0,2	Intermedia	0,16	0,06
Antioquia	Anorí	5040	0,15	0,2	Intermedia	0,07	0,04
Caldas	Anserma	17042	0,25	0,3	Alta	0,2	0,1
Valle del Cauca	Ansermanuevo	76041	0,25	0,3	Alta	0,16	0,1
Antioquia	Anzá	5044	0,2	0,3	Alta	0,14	0,08
Tolima	Anzoátegui	73043	0,2	0,2	Intermedia	0,13	0,08
Antioquia	Apartadó	5045	0,25	0,25	Alta	0,19	0,09
Risaralda	Apía	66045	0,3	0,3	Alta	0,2	0,1
Cundinamarca	Apulo	25599	0,2	0,2	Intermedia	0,12	0,06
Boyacá	Aquitania	15047	0,25	0,3	Alta	0,16	0,08
Magdalena	Aracataca	47053	0,1	0,1	Baja	0,04	0,02
Caldas	Aranzazu	17050	0,25	0,25	Alta	0,19	0,09
Santander	Aratoca	68051	0,25	0,25	Alta	0,11	0,07
Arauca	Arauca	81001	0,15	0,15	Intermedia	0,1	0,04
Arauca	Arauquita	81065	0,2	0,15	Intermedia	0,07	0,03
Cundinamarca	Arbeláez	25053	0,2	0,2	Intermedia	0,09	0,05
Nariño	Arboleda	52051	0,25	0,25	Alta	0,15	0,08
Norte de Santander	Arboledas	54051	0,3	0,25	Alta	0,08	0,04
Antioquia	Arboletes	5051	0,1	0,2	Intermedia	0,05	0,03
Boyacá	Arcabuco	15051	0,2	0,2	Intermedia	0,09	0,05
Bolívar	Arenal	13042	0,15	0,15	Intermedia	0,05	0,04
Cauca	Argelia	19050	0,35	0,25	Alta	0,09	0,06
Antioquia	Argelia.	5055	0,15	0,2	Intermedia	0,12	0,07
Valle del Cauca	Argelia.	76054	0,3	0,3	Alta	0,16	0,1
Magdalena	Ariguaní	47058	0,1	0,1	Baja	0,04	0,02
Bolívar	Arjona	13052	0,1	0,1	Baja	0,05	0,03
Quindío	Armenia	63001	0,25	0,25	Alta	0,2	0,1
Antioquia	Armenia.	5059	0,2	0,25	Alta	0,15	0,08
Tolima	Armero	73055	0,2	0,2	Intermedia	0,1	0,06
Bolívar	Arroyohondo	13062	0,1	0,1	Baja	0,07	0,04
Cesar	Astréa	20032	0,1	0,1	Baja	0,08	0,04
Tolima	Ataco	73067	0,25	0,2	Alta	0,07	0,04
Chocó	Atrato	27050	0,35	0,35	Alta	0,24	0,1
Córdoba	Ayapel	23068	0,15	0,15	Intermedia	0,07	0,04
Chocó	Bagadó	27073	0,35	0,3	Alta	0,24	0,1
Chocó	Bahía Solano	27075	0,45	0,4	Alta	0,24	0,1
Chocó	Bajo Baudó	27077	0,45	0,4	Alta	0,24	0,1
Risaralda	Balboa	66075	0,25	0,3	Alta	0,2	0,1
Cauca	Balboa.	19075	0,3	0,25	Alta	0,16	0,08
Atlántico	Baranoa	8078	0,1	0,1	Baja	0,05	0,03
Huila	Baraya	41078	0,3	0,25	Alta	0,19	0,08
Nariño	Barbacoas	52079	0,35	0,35	Alta	0,16	0,08
Santander	Barbosa	68077	0,15	0,2	Intermedia	0,09	0,06
Antioquia	Barbosa.	5079	0,15	0,2	Intermedia	0,1	0,05
Santander	Barichara	68079	0,2	0,25	Alta	0,13	0,08
Meta	Barranca de Upía	50110	0,25	0,25	Alta	0,08	0,04
Santander	Barrancabermeja	68081	0,15	0,15	Intermedia	0,06	0,04
Guajira	Barrancas	44078	0,15	0,1	Intermedia	0,08	0,04
Bolívar	Barranco de Loba	13074	0,15	0,15	Intermedia	0,05	0,03
Guainía	Barranco Mina	94343	0,05	0,05	Baja	0,04	0,02
Atlántico	Barranquilla	8001	0,1	0,1	Baja	0,05	0,03
Cesar	Becerril	20045	0,1	0,1	Baja	0,08	0,04
Caldas	Belalcázar	17088	0,25	0,3	Alta	0,2	0,1
Nariño	Belén	52083	0,25	0,25	Alta	0,16	0,08
Chocó	Belén de Bajirá	27086	0,25	0,3	Alta	0,24	0,1
Caquetá	Belén de los Andaquíes	18094	0,2	0,15	Intermedia	0,09	0,05
Risaralda	Belén de Umbría	66088	0,25	0,3	Alta	0,2	0,1
Boyacá	Belén.	15087	0,25	0,25	Alta	0,16	0,08
Antioquia	Bello	5088	0,15	0,2	Intermedia	0,13	0,07
Antioquia	Belmira	5086	0,15	0,2	Intermedia	0,12	0,06
Cundinamarca	Beltrán	25086	0,2	0,2	Intermedia	0,13	0,06
Boyacá	Berbeo	15090	0,25	0,25	Alta	0,16	0,08
Antioquia	Betania	5091	0,25	0,3	Alta	0,16	0,1
Boyacá	Beteitiva	15092	0,25	0,25	Alta	0,16	0,08
Santander	Betulia	68092	0,2	0,2	Intermedia	0,13	0,09
Antioquia	Betulia.	5093	0,2	0,25	Alta	0,14	0,08
Cundinamarca	Bituima	25095	0,15	0,2	Intermedia	0,16	0,06
Boyacá	Boavita	15097	0,25	0,25	Alta	0,16	0,08
Norte de Santander	Bochalema	54099	0,35	0,25	Alta	0,13	0,06
Cundinamarca	Bogotá	11001	0,15	0,2	Intermedia	0,13	0,06
Cundinamarca	Bojacá	25099	0,15	0,2	Intermedia	0,11	0,06
Chocó	Bojayá.	27099	0,4	0,4	Alta	0,24	0,1
Valle del Cauca	Bolívar	76100	0,3	0,3	Alta	0,16	0,1
Cauca	Bolívar.	19100	0,25	0,25	Alta	0,15	0,07
Santander	Bolívar..	68101	0,15	0,15	Intermedia	0,07	0,04
Cesar	Bosconia	20060	0,1	0,1	Baja	0,08	0,04
Boyacá	Boyacá	15104	0,2	0,2	Intermedia	0,14	0,06
Boyacá	Briceño	15106	0,15	0,15	Intermedia	0,12	0,07
Antioquia	Briceño.	5107	0,15	0,2	Intermedia	0,12	0,06
Santander	Bucaramanga	68001	0,25	0,25	Alta	0,15	0,09
Norte de Santander	Bucarasica	54109	0,3	0,25	Alta	0,09	0,04
Valle del Cauca	Buenaventura	76109	0,4	0,35	Alta	0,13	0,08
Boyacá	Buenavista	15109	0,15	0,15	Intermedia	0,11	0,06
Quindío	Buenavista,	63111	0,25	0,2	Alta	0,19	0,09
Sucre	Buenavista.	70110	0,1	0,15	Intermedia	0,04	0,03
Córdoba	Buenavista..	23079	0,15	0,2	Intermedia	0,08	0,04
Cauca	Buenos Aires	19110	0,25	0,2	Alta	0,16	0,08
Nariño	Buesaco	52110	0,25	0,25	Alta	0,16	0,08
Valle del Cauca	Buga	76111	0,25	0,2	Alta	0,11	0,07
Valle del Cauca	Bugalagrande	76113	0,25	0,25	Alta	0,13	0,08
Antioquia	Buriticá	5113	0,2	0,25	Alta	0,12	0,07
Boyacá	Busbanzá	15114	0,25	0,25	Alta	0,16	0,08
Cundinamarca	Cabrera	25120	0,25	0,25	Alta	0,12	0,06
Santander	Cabrera.	68121	0,2	0,2	Intermedia	0,13	0,08
Meta	Cabuyaro	50124	0,2	0,2	Intermedia	0,06	0,03
Guainía	Cacahual	94886	0,05	0,05	Baja	0,04	0,02
Antioquia	Cáceres	5120	0,15	0,2	Intermedia	0,08	0,03
Cundinamarca	Cachipay	25123	0,15	0,2	Intermedia	0,15	0,06
Norte de Santander	Cáchira	54128	0,25	0,25	Alta	0,07	0,04
Norte de Santander	Cácota	54125	0,3	0,25	Alta	0,1	0,05
Antioquia	Caicedo	5125	0,2	0,25	Alta	0,13	0,07
Valle del Cauca	Caicedonia	76122	0,25	0,2	Alta	0,14	0,08
Sucre	Caimito	70124	0,15	0,15	Intermedia	0,04	0,03
Tolima	Cajamarca	73124	0,2	0,2	Intermedia	0,14	0,08
Cauca	Cajibío	19130	0,25	0,2	Alta	0,15	0,08
Cundinamarca	Cajicá	25126	0,15	0,2	Intermedia	0,09	0,05
Bolívar	Calamar	13140	0,1	0,1	Baja	0,08	0,04
Guaviare	Calamar.	95015	0,05	0,05	Baja	0,04	0,02
Quindío	Calarcá	63130	0,25	0,25	Alta	0,2	0,1
Boyacá	Caldas	15131	0,15	0,15	Intermedia	0,11	0,06
Antioquia	Caldas.	5129	0,2	0,2	Intermedia	0,16	0,08
Cauca	Caldonó	19137	0,25	0,2	Alta	0,16	0,07
Valle del Cauca	Cali	76001	0,25	0,25	Alta	0,15	0,09
Santander	California	68132	0,25	0,25	Alta	0,09	0,05
Valle del Cauca	Calima	76126	0,3	0,3	Alta	0,1	0,07
Cauca	Caloto	19142	0,25	0,2	Alta	0,16	0,07
Antioquia	Campamento	5134	0,15	0,2	Intermedia	0,08	0,04
Atlántico	Campo de la Cruz	8137	0,1	0,1	Baja	0,08	0,03
Huila	Campoalegre	41132	0,3	0,2	Alta	0,2	0,08
Boyacá	Campohermoso	15135	0,3	0,25	Alta	0,16	0,08
Córdoba	Canalete	23090	0,1	0,2	Intermedia	0,08	0,04
Valle del Cauca	Candelaria	76130	0,25	0,2	Alta	0,1	0,07
Atlántico	Candelaria.	8141	0,1	0,1	Baja	0,08	0,03
Bolívar	Cantagallo	13160	0,15	0,15	Intermedia	0,08	0,04
Chocó	Cantón de San Pablo	27135	0,4	0,4	Alta	0,24	0,1
Antioquia	Cañasgordas	5138	0,2	0,25	Alta	0,12	0,07
Cundinamarca	Caparrapí	25148	0,15	0,2	Intermedia	0,15	0,06
Santander	Capitanejo	68147	0,25	0,25	Alta	0,11	0,06
Cundinamarca	Cáqueza	25151	0,25	0,25	Alta	0,15	0,06
Antioquia	Caracolí	5142	0,15	0,2	Intermedia	0,13	0,06
Antioquia	Caramanta	5145	0,25	0,25	Alta	0,15	0,09
Santander	Carcasi	68152	0,25	0,25	Alta	0,12	0,06
Antioquia	Carepa	5147	0,25	0,25	Alta	0,16	0,08
Tolima	Carmen Apicalá	73148	0,25	0,2	Alta	0,11	0,05
Cundinamarca	Carmen de Carupa	25154	0,15	0,15	Intermedia	0,09	0,05
Antioquia	Carmen de Viboral	5148	0,15	0,2	Intermedia	0,11	0,06
Chocó	Carmen del Darién	27150	0,35	0,35	Alta	0,24	0,1
Antioquia	Carolina	5150	0,15	0,2	Intermedia	0,09	0,05
Bolívar	Cartagena	13001	0,1	0,1	Baja	0,05	0,03
Caquetá	Cartagena del Chairá	18150	0,05	0,15	Intermedia	0,04	0,02
Valle del Cauca	Cartago	76147	0,25	0,25	Alta	0,16	0,1
Vaupés	Carurú	97161	0,05	0,05	Baja	0,04	0,02
Tolima	Casabianca	73152	0,2	0,2	Intermedia	0,16	0,08
Meta	Castilla la Nueva	50150	0,2	0,25	Alta	0,07	0,03
Antioquia	Caucásia	5154	0,15	0,2	Intermedia	0,04	0,02
Santander	Cepitá	68160	0,25	0,25	Alta	0,11	0,06
Córdoba	Cereté	23162	0,1	0,15	Intermedia	0,06	0,04
Boyacá	Cerinza	15162	0,2	0,25	Alta	0,15	0,07
Santander	Cerrito	68162	0,25	0,25	Alta	0,11	0,06
Magdalena	Cerro San Antonio	47161	0,1	0,1	Baja	0,04	0,02
Chocó	Certeguí	27160	0,35	0,35	Alta	0,24	0,1
Nariño	Chachagui	52240	0,25	0,25	Alta	0,11	0,07
Cundinamarca	Chaguaní	25168	0,15	0,2	Intermedia	0,16	0,06
Sucre	Chalán	70230	0,1	0,15	Intermedia	0,08	0,04
Casanare	Chámeza	85015	0,3	0,3	Alta	0,16	0,08
Tolima	Chaparral	73168	0,25	0,2	Alta	0,08	0,05
Santander	Charalá	68167	0,2	0,25	Alta	0,08	0,05
Santander	Charta	68169	0,25	0,25	Alta	0,09	0,06
Cundinamarca	Chía	25175	0,15	0,2	Intermedia	0,09	0,05
Antioquia	Chigorodó	5172	0,25	0,3	Alta	0,19	0,1
Santander	Chima	68176	0,15	0,2	Intermedia	0,2	0,1
Córdoba	Chimá	23168	0,1	0,15	Intermedia	0,07	0,04
Cesar	Chimichagua	20175	0,1	0,1	Baja	0,08	0,04
Norte de Santander	Chinácota	54172	0,35	0,3	Alta	0,16	0,07
Boyacá	Chinavita	15172	0,2	0,25	Alta	0,16	0,08
Caldas	Chinchiná	17174	0,25	0,25	Alta	0,2	0,1
Córdoba	Chinú	23182	0,1	0,15	Intermedia	0,08	0,04
Cundinamarca	Chipaque	25178	0,2	0,25	Alta	0,11	0,05
Santander	Chipatá	68179	0,15	0,2	Intermedia	0,11	0,07
Boyacá	Chiquinquirá	15176	0,15	0,2	Intermedia	0,1	0,06
Boyacá	Chíquiza	15232	0,2	0,2	Intermedia	0,1	0,05
Cesar	Chiriguaná	20178	0,1	0,1	Baja	0,08	0,04
Boyacá	Chiscas	15180	0,25	0,3	Alta	0,16	0,08
Boyacá	Chita	15183	0,25	0,3	Alta	0,16	0,08
Norte de Santander	Chitagá	54174	0,3	0,3	Alta	0,11	0,05
Boyacá	Chitaraque	15185	0,15	0,2	Intermedia	0,1	0,06
Boyacá	Chivatá	15187	0,15	0,25	Alta	0,14	0,07
Magdalena	Chivolo	47170	0,1	0,1	Baja	0,04	0,02
Boyacá	Chivor	15236	0,25	0,25	Alta	0,16	0,08
Cundinamarca	Choachí	25181	0,2	0,25	Alta	0,12	0,06
Cundinamarca	Chocontá	25183	0,15	0,2	Intermedia	0,1	0,05
Bolívar	Cicuco	13188	0,1	0,15	Intermedia	0,04	0,03
Magdalena	Ciénaga	47189	0,1	0,1	Baja	0,06	0,02
Córdoba	Ciénaga de Oro	23189	0,1	0,15	Intermedia	0,08	0,04
Boyacá	Ciénega	15189	0,2	0,25	Alta	0,16	0,08
Santander	Cimitarra	68190	0,15	0,15	Intermedia	0,06	0,04
Quindío	Circasia	63190	0,25	0,25	Alta	0,2	0,11
Antioquia	Cisneros	5190	0,15	0,2	Intermedia	0,09	0,04
Antioquia	Ciudad Bolivar	5101	0,25	0,3	Alta	0,16	0,1
Bolívar	Clemencia	13222	0,1	0,1	Baja	0,05	0,03
Antioquia	Cocorná	5197	0,15	0,2	Intermedia	0,11	0,06
Tolima	Coello	73200	0,2	0,2	Intermedia	0,11	0,06
Cundinamarca	Cogua	25200	0,15	0,2	Intermedia	0,09	0,05
Huila	Colombia	41206	0,3	0,25	Alta	0,19	0,08
Putumayo	Colón	86219	0,25	0,25	Alta	0,13	0,08
Nariño	Colón.	52203	0,25	0,25	Alta	0,15	0,08
Sucre	Coloso	70204	0,1	0,15	Intermedia	0,07	0,04
Boyacá	Cómbita	15204	0,2	0,2	Intermedia	0,11	0,05
Santander	Concepción	68207	0,25	0,25	Alta	0,12	0,06
Antioquia	Concepción.	5206	0,15	0,2	Intermedia	0,1	0,05
Magdalena	Concordia	47205	0,1	0,1	Baja	0,04	0,02
Antioquia	Concordia.	5209	0,25	0,25	Alta	0,15	0,08
Chocó	Condoto	27205	0,35	0,35	Alta	0,24	0,1
Santander	Confines	68209	0,2	0,2	Intermedia	0,09	0,06
Nariño	Consacá	52207	0,25	0,25	Alta	0,11	0,07
Nariño	Contadero	52210	0,25	0,25	Alta	0,12	0,07
Santander	Contratación	68211	0,15	0,2	Intermedia	0,2	0,1
Norte de Santander	Convención	54206	0,2	0,15	Intermedia	0,04	0,02
Antioquia	Copacabana	5212	0,15	0,2	Intermedia	0,12	0,06
Boyacá	Coper	15212	0,15	0,15	Intermedia	0,11	0,06
Bolívar	Córdoba	13212	0,1	0,1	Baja	0,05	0,03
Quindío	Córdoba	63212	0,25	0,2	Alta	0,2	0,1
Nariño	Córdoba.	52215	0,25	0,25	Alta	0,16	0,08
Cauca	Corinto	19212	0,25	0,2	Alta	0,12	0,06
Santander	Coromoro	68217	0,2	0,25	Alta	0,09	0,06
Sucre	Corozal	70215	0,1	0,15	Intermedia	0,05	0,04
Boyacá	Corrales	15215	0,25	0,25	Alta	0,16	0,08
Cundinamarca	Cota	25214	0,15	0,2	Intermedia	0,09	0,05
Córdoba	Cotorra	23300	0,1	0,15	Intermedia	0,06	0,03
Boyacá	Covarachia	15218	0,2	0,25	Alta	0,14	0,07
Tolima	Coyaima	73217	0,25	0,2	Alta	0,09	0,05
Arauca	Cravo Norte	81220	0,05	0,05	Baja	0,03	0,02
Nariño	Cuaspud	52224	0,25	0,25	Alta	0,14	0,08
Boyacá	Cubará	15223	0,3	0,3	Alta	0,16	0,08
Boyacá	Cucaita	15224	0,2	0,2	Intermedia	0,11	0,05
Cundinamarca	Cucunubá	25224	0,15	0,2	Intermedia	0,09	0,05
Norte de Santander	Cúcuta	54001	0,35	0,25	Alta	0,25	0,1
Norte de Santander	Cucutilla	54223	0,3	0,25	Alta	0,08	0,04
Boyacá	Cuitiva	15226	0,25	0,25	Alta	0,16	0,08
Meta	Cumaral	50226	0,25	0,25	Alta	0,09	0,04
Vichada	Cumaribo	99773	0,05	0,05	Baja	0,04	0,02
Nariño	Cumbal	52227	0,3	0,25	Alta	0,16	0,08
Nariño	Cumbitará	52233	0,3	0,3	Alta	0,1	0,07
Tolima	Cunday	73226	0,25	0,2	Alta	0,09	0,05
Santander	Curití	68229	0,2	0,25	Alta	0,1	0,06
Caquetá	Currillo	18205	0,15	0,2	Intermedia	0,06	0,03
Cesar	Curumaní	20228	0,15	0,1	Intermedia	0,08	0,04
Antioquia	Dabeiba	5234	0,25	0,3	Alta	0,13	0,08
Valle del Cauca	Dagua	76233	0,25	0,25	Alta	0,09	0,06
Guajira	Dibulla	44090	0,15	0,1	Intermedia	0,08	0,04
Guajira	Distracción	44098	0,15	0,1	Intermedia	0,08	0,04
Tolima	Dolores	73236	0,25	0,25	Alta	0,12	0,06
Antioquia	Don Matías	5237	0,15	0,2	Intermedia	0,1	0,05
Risaralda	Dos Quebradas	66170	0,25	0,25	Alta	0,2	0,1
Boyacá	Duitama	15238	0,2	0,25	Alta	0,14	0,07
Norte de Santander	Durania	54239	0,35	0,25	Alta	0,14	0,06
Antioquia	Ebéjico	5240	0,15	0,25	Alta	0,15	0,08
Valle del Cauca	El Águila	76243	0,3	0,3	Alta	0,16	0,1
Antioquia	El Bagre	5250	0,15	0,15	Intermedia	0,07	0,04
Magdalena	El Banco	47245	0,1	0,1	Baja	0,04	0,02
Valle del Cauca	El Cairo	76246	0,3	0,3	Alta	0,16	0,1
Meta	El Calvario	50245	0,3	0,25	Alta	0,26	0,08
Norte de Santander	El Carmen	54245	0,15	0,1	Intermedia	0,04	0,02
Chocó	El Carmen de Atrato	27245	0,3	0,3	Alta	0,24	0,1
Bolívar	El Carmen de Bolivar	13244	0,1	0,15	Intermedia	0,08	0,04
Santander	El Carmen de Chucurí	68235	0,15	0,15	Intermedia	0,17	0,08
Meta	El Castillo	50251	0,25	0,25	Alta	0,11	0,04
Valle del Cauca	El Cerrito	76248	0,25	0,2	Alta	0,11	0,07
Nariño	El Charco	52250	0,4	0,35	Alta	0,13	0,08
Boyacá	El Cocuy	15244	0,25	0,3	Alta	0,22	0,08
Cundinamarca	El Colegio	25245	0,15	0,2	Intermedia	0,11	0,06
Cesar	El Copey	20238	0,1	0,1	Baja	0,08	0,04
Caquetá	El Doncello	18247	0,15	0,15	Intermedia	0,06	0,03
Meta	El Dorado	50270	0,25	0,25	Alta	0,11	0,05
Valle del Cauca	El Dovio	76250	0,3	0,3	Alta	0,18	0,1
Amazonas	El Encanto	91263	0,05	0,05	Baja	0,04	0,02
Boyacá	El Espino	15248	0,25	0,3	Alta	0,16	0,08
Santander	El Florian	68271	0,15	0,15	Intermedia	0,12	0,07
Santander	El Guacamayo	68245	0,15	0,2	Intermedia	0,18	0,1
Bolívar	El Guamo	13248	0,1	0,1	Baja	0,08	0,04
Chocó	El Litoral del San Juan	27250	0,4	0,4	Alta	0,2	0,1
Guajira	El Molino	44110	0,1	0,1	Baja	0,06	0,04
Cesar	El Paso	20250	0,1	0,1	Baja	0,08	0,04
Caquetá	El Paujil	18256	0,15	0,15	Intermedia	0,06	0,03
Nariño	El Peñol	52254	0,25	0,25	Alta	0,16	0,08
Santander	El Peñón	68250	0,15	0,15	Intermedia	0,16	0,07
Bolívar	El Peñon,	13268	0,15	0,15	Intermedia	0,07	0,04
Cundinamarca	El Peñón.	25258	0,15	0,2	Intermedia	0,13	0,06
Magdalena	El Piñon	47258	0,1	0,1	Baja	0,04	0,02
Santander	El Playón	68255	0,25	0,25	Alta	0,14	0,07
Magdalena	El Reten	47268	0,1	0,1	Baja	0,04	0,02
Guaviare	El Retorno	95025	0,05	0,05	Baja	0,04	0,02
Sucre	El Roble	70233	0,1	0,15	Intermedia	0,04	0,03
Cundinamarca	El Rosal	25260	0,15	0,2	Intermedia	0,1	0,06
Nariño	El Rosario	52256	0,3	0,3	Alta	0,11	0,07
Nariño	El Tablón	52258	0,25	0,25	Alta	0,16	0,08
Nariño	El Tambo	52260	0,25	0,25	Alta	0,13	0,08
Cauca	El Tambo.	19256	0,3	0,25	Alta	0,14	0,08
Norte de Santander	El Tarra	54250	0,2	0,15	Intermedia	0,05	0,03
Norte de Santander	El Zulia	54261	0,35	0,25	Alta	0,22	0,09
Huila	Elías	41244	0,3	0,15	Alta	0,2	0,08
Santander	Encino	68264	0,2	0,25	Alta	0,09	0,05
Santander	Enciso	68266	0,25	0,25	Alta	0,1	0,05
Antioquia	Entrerríos	5264	0,15	0,2	Intermedia	0,11	0,06
Antioquia	Envigado	5266	0,15	0,2	Intermedia	0,13	0,07
Tolima	Espinal	73268	0,25	0,2	Alta	0,13	0,06
Cundinamarca	Facatativá	25269	0,15	0,2	Intermedia	0,12	0,06
Tolima	Falán	73270	0,2	0,2	Intermedia	0,12	0,07
Caldas	Filadelfia	17272	0,25	0,25	Alta	0,2	0,1
Quindío	Filandia	63272	0,25	0,25	Alta	0,2	0,11
Boyacá	Firavitoba	15272	0,2	0,25	Alta	0,16	0,08
Tolima	Flandes	73275	0,2	0,2	Intermedia	0,11	0,06
Caquetá	Florencia	18001	0,2	0,15	Intermedia	0,1	0,05
Cauca	Florencia.	19290	0,25	0,25	Alta	0,14	0,07
Boyacá	Floresta	15276	0,25	0,25	Alta	0,16	0,08
Valle del Cauca	Florida	76275	0,25	0,2	Alta	0,1	0,06
Santander	Floridablanca	68276	0,25	0,25	Alta	0,13	0,08
Cundinamarca	Fómeque	25279	0,25	0,25	Alta	0,16	0,06
Guajira	Fonseca	44279	0,15	0,1	Intermedia	0,07	0,04
Arauca	Fortul	81300	0,3	0,2	Alta	0,32	0,12
Cundinamarca	Fosca	25281	0,25	0,25	Alta	0,16	0,06
Nariño	Francisco Pizarro	52520	0,5	0,4	Alta	0,16	0,08
Antioquia	Fredonia	5282	0,2	0,25	Alta	0,16	0,09
Tolima	Fresno	73283	0,2	0,2	Intermedia	0,14	0,09
Antioquia	Frontino	5284	0,3	0,3	Alta	0,15	0,09
Meta	Fuente de Oro	50287	0,15	0,2	Intermedia	0,05	0,02
Magdalena	Fundación	47288	0,1	0,1	Baja	0,05	0,02
Nariño	Funes	52287	0,25	0,25	Alta	0,16	0,08
Cundinamarca	Funza	25286	0,15	0,2	Intermedia	0,1	0,06
Cundinamarca	Fúquene	25288	0,15	0,2	Intermedia	0,08	0,05
Cundinamarca	Fusagasugá	25290	0,2	0,2	Intermedia	0,09	0,05
Cundinamarca	Gachalá	25293	0,3	0,25	Alta	0,26	0,06
Cundinamarca	Gachancipá	25295	0,15	0,2	Intermedia	0,09	0,05
Boyacá	Gachantiva	15293	0,15	0,2	Intermedia	0,09	0,05
Cundinamarca	Gachetá	25297	0,2	0,25	Alta	0,15	0,06
Santander	Galán	68296	0,15	0,2	Intermedia	0,2	0,1
Atlántico	Galapa	8296	0,1	0,1	Baja	0,05	0,03
Sucre	Galeras	70235	0,1	0,15	Intermedia	0,04	0,03
Cundinamarca	Gama	25299	0,25	0,25	Alta	0,16	0,06
Cesar	Gamarra	20295	0,15	0,15	Intermedia	0,08	0,04
Santander	Gámbita	68298	0,2	0,2	Intermedia	0,07	0,05
Boyacá	Gámeza	15296	0,25	0,25	Alta	0,16	0,08
Boyacá	Garagoa	15299	0,25	0,3	Alta	0,16	0,08
Huila	Garzón	41298	0,3	0,15	Alta	0,2	0,07
Quindío	Génova	63302	0,25	0,2	Alta	0,2	0,09
Huila	Gigante	41306	0,3	0,15	Alta	0,2	0,08
Valle del Cauca	Ginebra	76306	0,25	0,2	Alta	0,11	0,07
Antioquia	Giraldo	5306	0,2	0,25	Alta	0,12	0,07
Cundinamarca	Girardot	25307	0,2	0,2	Intermedia	0,12	0,06
Antioquia	Girardota	5308	0,15	0,2	Intermedia	0,11	0,06
Santander	Girón	68307	0,2	0,25	Alta	0,18	0,1
Santander	Goepsa	68327	0,15	0,2	Intermedia	0,09	0,06
Antioquia	Gómez Plata	5310	0,15	0,2	Intermedia	0,08	0,04
Cesar	González	20310	0,2	0,15	Intermedia	0,08	0,04
Norte de Santander	Gramalote	54313	0,3	0,25	Alta	0,11	0,05
Meta	Granada	50313	0,2	0,25	Alta	0,07	0,03
Cundinamarca	Granada,	25312	0,15	0,2	Intermedia	0,1	0,05
Antioquia	Granada.	5313	0,15	0,2	Intermedia	0,1	0,05
Santander	Guaca	68318	0,25	0,25	Alta	0,09	0,05
Boyacá	Guacamayas	15317	0,25	0,25	Alta	0,18	0,08
Valle del Cauca	Guacarí	76318	0,25	0,25	Alta	0,12	0,08
Cundinamarca	Guachetá	25317	0,15	0,15	Intermedia	0,08	0,05
Nariño	Guachucal	52317	0,25	0,25	Alta	0,16	0,08
Huila	Guadalupe	41319	0,3	0,15	Alta	0,16	0,06
Santander	Guadalupe,	68320	0,15	0,2	Intermedia	0,16	0,09
Antioquia	Guadalupe.	5315	0,15	0,2	Intermedia	0,08	0,04
Cundinamarca	Guaduas	25320	0,15	0,2	Intermedia	0,15	0,06
Nariño	Guaitarilla	52320	0,25	0,25	Alta	0,13	0,08
Nariño	Gualmatán	52323	0,25	0,25	Alta	0,12	0,07
Meta	Guamal	50318	0,35	0,25	Alta	0,28	0,08
Magdalena	Guamal.	47318	0,1	0,1	Baja	0,04	0,02
Tolima	Guamo	73319	0,25	0,2	Alta	0,11	0,06
Cauca	Guapí	19318	0,4	0,35	Alta	0,14	0,08
Santander	Guapotá	68322	0,15	0,2	Intermedia	0,12	0,08
Sucre	Guarandá	70265	0,15	0,15	Intermedia	0,06	0,05
Antioquia	Guarne	5318	0,15	0,2	Intermedia	0,12	0,06
Cundinamarca	Guasca	25322	0,15	0,25	Alta	0,11	0,05
Antioquia	Guatapé	5321	0,15	0,2	Intermedia	0,1	0,05
Cundinamarca	Guataquí	25324	0,2	0,2	Intermedia	0,16	0,06
Cundinamarca	Guatavita	25326	0,15	0,2	Intermedia	0,11	0,05
Boyacá	Guateque	15322	0,2	0,25	Alta	0,16	0,07
Risaralda	Guática	66318	0,25	0,3	Alta	0,2	0,1
Santander	Guavatá	68324	0,15	0,15	Intermedia	0,1	0,06
Cundinamarca	Guayabal de Síquima	25328	0,15	0,2	Intermedia	0,16	0,06
Cundinamarca	Guayabetal	25335	0,3	0,25	Alta	0,16	0,06
Boyacá	Guayatá	15325	0,25	0,25	Alta	0,16	0,08
Boyacá	Guicán	15332	0,3	0,3	Alta	0,16	0,08
Cundinamarca	Gutiérrez	25339	0,25	0,25	Alta	0,16	0,06
Norte de Santander	Hacarí	54344	0,25	0,2	Alta	0,06	0,03
Bolívar	Hatillo de Loba	13300	0,15	0,1	Intermedia	0,05	0,03
Santander	Hato	68344	0,15	0,2	Intermedia	0,21	0,1
Casanare	Hato Corozal	85125	0,15	0,15	Intermedia	0,08	0,04
Guajira	Hatonuevo	44378	0,15	0,1	Intermedia	0,08	0,04
Antioquia	Heliconia	5347	0,15	0,25	Alta	0,16	0,08
Norte de Santander	Herrán	54347	0,35	0,3	Alta	0,19	0,08
Tolima	Hervéo	73347	0,2	0,2	Intermedia	0,16	0,08
Antioquia	Hispania	5353	0,25	0,3	Alta	0,16	0,1
Huila	Hobo	41349	0,3	0,2	Alta	0,2	0,08
Tolima	Honda	73349	0,2	0,2	Intermedia	0,1	0,06
Tolima	Ibagué	73001	0,2	0,2	Intermedia	0,15	0,08
Tolima	Icononzo	73352	0,2	0,2	Intermedia	0,08	0,05
Nariño	Iles	52352	0,25	0,25	Alta	0,11	0,07
Nariño	Imúes	52354	0,25	0,25	Alta	0,11	0,07
Cauca	Inzá	19355	0,25	0,2	Alta	0,12	0,06
Nariño	Ipiales	52356	0,3	0,25	Alta	0,16	0,08
Huila	Iquira	41357	0,25	0,2	Alta	0,16	0,06
Huila	Isnos	41359	0,25	0,2	Alta	0,19	0,07
Antioquia	Itagüí	5360	0,15	0,2	Intermedia	0,14	0,08
Chocó	Itsmína	27361	0,4	0,4	Alta	0,23	0,1
Antioquia	Ituango	5361	0,2	0,2	Intermedia	0,09	0,05
Boyacá	Iza	15362	0,2	0,25	Alta	0,16	0,08
Cauca	Jambaló	19364	0,25	0,2	Alta	0,11	0,06
Valle del Cauca	Jamundí	76364	0,25	0,25	Alta	0,16	0,1
Antioquia	Jardín	5364	0,25	0,3	Alta	0,2	0,11
Boyacá	Jenesano	15367	0,2	0,25	Alta	0,15	0,07
Boyacá	Jericó	15368	0,25	0,25	Alta	0,16	0,08
Antioquia	Jericó.	5368	0,25	0,25	Alta	0,18	0,1
Cundinamarca	Jerusalén	25368	0,2	0,2	Intermedia	0,16	0,06
Santander	Jesús Maria	68368	0,15	0,15	Intermedia	0,1	0,06
Santander	Jordán	68370	0,2	0,25	Alta	0,1	0,07
Atlántico	Juan de Acosta	8372	0,1	0,1	Baja	0,04	0,03
Cundinamarca	Junín	25372	0,2	0,25	Alta	0,16	0,06
Chocó	Juradó	27372	0,4	0,4	Alta	0,24	0,1
Córdoba	La Apartada	23350	0,15	0,2	Intermedia	0,08	0,04
Huila	La Argentina	41378	0,25	0,15	Alta	0,19	0,07
Santander	La Belleza	68377	0,15	0,15	Intermedia	0,16	0,07
Cundinamarca	La Calera	25377	0,15	0,2	Intermedia	0,11	0,05
Boyacá	La Capilla	15380	0,2	0,25	Alta	0,16	0,07
Antioquia	La Ceja	5376	0,15	0,2	Intermedia	0,13	0,07
Risaralda	La Celia	66383	0,3	0,3	Alta	0,2	0,1
Amazonas	La Chorrera	91405	0,05	0,05	Baja	0,04	0,02
Nariño	La Cruz	52378	0,25	0,25	Alta	0,16	0,08
Valle del Cauca	La Cumbre	76377	0,25	0,25	Alta	0,11	0,08
Caldas	La Dorada	17380	0,15	0,2	Intermedia	0,11	0,06
Norte de Santander	La Esperanza	54385	0,2	0,2	Intermedia	0,05	0,03
Antioquia	La Estrella	5380	0,15	0,25	Alta	0,15	0,08
Nariño	La Florida	52381	0,25	0,25	Alta	0,12	0,07
Cesar	La Gloria	20383	0,15	0,15	Intermedia	0,08	0,04
Guainía	La Guadalupe	94885	0,05	0,05	Baja	0,04	0,02
Cesar	La Jagua de Ibirico	20400	0,1	0,1	Baja	0,08	0,04
Guajira	La Jagua del Pilar	44420	0,1	0,1	Baja	0,05	0,03
Nariño	La Llanada	52385	0,3	0,3	Alta	0,11	0,07
Meta	La Macarena	50350	0,05	0,1	Baja	0,03	0,02
Caldas	La Merced	17388	0,25	0,25	Alta	0,21	0,1
Cundinamarca	La Mesa	25386	0,15	0,2	Intermedia	0,14	0,06
Caquetá	La Montañita	18410	0,1	0,15	Intermedia	0,05	0,03
Cundinamarca	La Palma	25394	0,15	0,2	Intermedia	0,16	0,06
Santander	La Paz	68397	0,15	0,15	Intermedia	0,14	0,09
Cesar	La Paz.	20621	0,1	0,1	Baja	0,06	0,03
Amazonas	La Pedrera	91407	0,05	0,05	Baja	0,04	0,02
Cundinamarca	La Peña	25398	0,15	0,2	Intermedia	0,16	0,06
Antioquia	La Pintada	5390	0,25	0,25	Alta	0,16	0,09
Huila	La Plata	41396	0,25	0,15	Alta	0,19	0,07
Norte de Santander	La Playa	54398	0,2	0,15	Intermedia	0,06	0,03
Vichada	La Primavera	99524	0,05	0,05	Baja	0,04	0,02
Casanare	La salina	85136	0,3	0,3	Alta	0,16	0,08
Cauca	La Sierra	19392	0,25	0,2	Alta	0,16	0,08
Quindío	La Tebaida	63401	0,25	0,25	Alta	0,18	0,09
Nariño	La Tola	52390	0,5	0,4	Alta	0,16	0,08
Valle del Cauca	La Unión	76400	0,25	0,25	Alta	0,16	0,13
Antioquia	La Unión,	5400	0,15	0,2	Intermedia	0,12	0,06
Sucre	La Unión.	70400	0,15	0,15	Intermedia	0,05	0,04
Nariño	La Unión..	52399	0,25	0,25	Alta	0,12	0,07
Meta	La Uribe	50370	0,25	0,25	Alta	0,1	0,04
Boyacá	La Uvita	15403	0,25	0,25	Alta	0,16	0,08
Cundinamarca	La Vega	25402	0,15	0,2	Intermedia	0,12	0,06
Cauca	La Vega.	19397	0,25	0,2	Alta	0,16	0,07
Valle del Cauca	La Victoria	76403	0,25	0,25	Alta	0,15	0,1
Boyacá	La Victoria.	15401	0,15	0,15	Intermedia	0,16	0,08
Amazonas	La Victoria..	91430	0,05	0,05	Baja	0,04	0,02
Risaralda	La Virginia	66400	0,25	0,3	Alta	0,2	0,1
Norte de Santander	Labateca	54377	0,35	0,3	Alta	0,14	0,06
Boyacá	Labranzagrande	15377	0,3	0,25	Alta	0,16	0,08
Santander	Landázuri	68385	0,15	0,15	Intermedia	0,1	0,06
Santander	Lebrija	68406	0,25	0,2	Alta	0,13	0,09
Nariño	Leiva	52405	0,3	0,25	Alta	0,15	0,08
Meta	Lejanías	50400	0,3	0,25	Alta	0,19	0,08
Cundinamarca	Lenguazaque	25407	0,15	0,2	Intermedia	0,09	0,05
Tolima	Lérida	73408	0,2	0,2	Intermedia	0,11	0,06
Amazonas	Leticia	91001	0,05	0,05	Baja	0,04	0,02
Tolima	Líbano	73411	0,2	0,2	Intermedia	0,12	0,07
Antioquia	Liborina	5411	0,15	0,2	Intermedia	0,14	0,07
Nariño	Linares	52411	0,25	0,25	Alta	0,16	0,08
Chocó	Lloró	27413	0,4	0,35	Alta	0,24	0,1
Cauca	López	19418	0,4	0,3	Alta	0,14	0,07
Córdoba	Lorica	23417	0,1	0,15	Intermedia	0,05	0,03
Nariño	Los Andes	52418	0,3	0,3	Alta	0,12	0,07
Córdoba	Los Córdobas	23419	0,1	0,2	Intermedia	0,08	0,05
Sucre	Los Palmitos	70418	0,1	0,15	Intermedia	0,05	0,04
Norte de Santander	Los Patios	54405	0,35	0,3	Alta	0,22	0,09
Santander	Los Santos	68418	0,2	0,25	Alta	0,11	0,08
Norte de Santander	Lourdes	54418	0,3	0,25	Alta	0,11	0,05
Atlántico	Luruaco	8421	0,1	0,1	Baja	0,04	0,02
Boyacá	Macanal	15425	0,25	0,25	Alta	0,16	0,08
Santander	Macaravita	68425	0,25	0,25	Alta	0,12	0,06
Antioquia	Maceo	5425	0,15	0,2	Intermedia	0,11	0,06
Cundinamarca	Machetá	25426	0,2	0,25	Alta	0,13	0,06
Cundinamarca	Madrid	25430	0,15	0,2	Intermedia	0,1	0,06
Bolívar	Magangue	13430	0,1	0,15	Intermedia	0,04	0,03
Nariño	Magüí	52427	0,4	0,35	Alta	0,16	0,08
Bolívar	Mahates	13433	0,1	0,1	Baja	0,08	0,03
Guajira	Maicao	44430	0,1	0,15	Intermedia	0,07	0,04
Sucre	Majagual	70429	0,15	0,15	Intermedia	0,04	0,04
Santander	Málaga	68432	0,25	0,25	Alta	0,09	0,05
Atlántico	Malambo	8433	0,1	0,1	Baja	0,06	0,03
Nariño	Mallama	52435	0,3	0,25	Alta	0,16	0,08
Atlántico	Manatí	8436	0,1	0,1	Baja	0,06	0,03
Cesar	Manaure	20443	0,1	0,1	Baja	0,08	0,04
Guajira	Manaure.	44560	0,1	0,15	Intermedia	0,07	0,04
Casanare	Maní	85139	0,1	0,15	Intermedia	0,04	0,02
Caldas	Manizales	17001	0,25	0,25	Alta	0,2	0,1
Cundinamarca	Manta	25436	0,2	0,25	Alta	0,15	0,06
Caldas	Manzanares	17433	0,2	0,2	Intermedia	0,2	0,1
Meta	Mapiripán	50325	0,05	0,05	Baja	0,02	0,02
Guainía	Mapiripaná	94663	0,05	0,05	Baja	0,04	0,02
Bolívar	Margarita	13440	0,1	0,1	Baja	0,05	0,03
Bolívar	María la Baja	13442	0,1	0,15	Intermedia	0,07	0,03
Antioquia	Marinilla	5440	0,15	0,2	Intermedia	0,11	0,06
Boyacá	Maripí	15442	0,2	0,15	Intermedia	0,13	0,07
Tolima	Mariquita	73443	0,2	0,2	Intermedia	0,11	0,07
Caldas	Marmato	17442	0,25	0,25	Alta	0,2	0,1
Caldas	Marquetalia	17444	0,2	0,2	Intermedia	0,17	0,08
Risaralda	Marsella	66440	0,25	0,25	Alta	0,2	0,1
Caldas	Marulanda	17446	0,2	0,25	Alta	0,18	0,09
Santander	Matanza	68444	0,25	0,25	Alta	0,1	0,06
Antioquia	Medellín	5001	0,15	0,2	Intermedia	0,13	0,07
Cundinamarca	Medina	25438	0,35	0,25	Alta	0,16	0,06
Chocó	Medio Atrato	27425	0,35	0,35	Alta	0,24	0,1
Chocó	Medio Baudó	27430	0,45	0,4	Alta	0,24	0,1
Chocó	Medio San Juan	27450	0,4	0,4	Alta	0,24	0,1
Tolima	Melgar	73449	0,2	0,2	Intermedia	0,09	0,05
Cauca	Mercaderes	19450	0,25	0,25	Alta	0,15	0,08
Meta	Mesetas	50330	0,2	0,25	Alta	0,07	0,03
Caquetá	Milán	18460	0,05	0,15	Intermedia	0,04	0,02
Guaviare	Miraflores	95200	0,05	0,05	Baja	0,04	0,02
Boyacá	Miraflores.	15455	0,2	0,25	Alta	0,16	0,08
Cauca	Miranda	19455	0,25	0,2	Alta	0,13	0,06
Amazonas	Mirití-Paraná	91460	0,05	0,05	Baja	0,04	0,02
Risaralda	Mistrató	66456	0,3	0,3	Alta	0,2	0,1
Vaupés	Mitú	97001	0,05	0,05	Baja	0,04	0,02
Putumayo	Mocoa	86001	0,3	0,25	Alta	0,2	0,1
Santander	Mogotes	68464	0,25	0,25	Alta	0,1	0,06
Santander	Molagavita	68468	0,25	0,25	Alta	0,1	0,06
Córdoba	Momil	23464	0,1	0,15	Intermedia	0,07	0,03
Bolívar	Mompós	13468	0,1	0,15	Intermedia	0,04	0,03
Boyacá	Mongua	15464	0,25	0,3	Alta	0,16	0,08
Boyacá	Monguí	15466	0,25	0,25	Alta	0,16	0,08
Boyacá	Moniquirá	15469	0,15	0,2	Intermedia	0,1	0,06
Antioquia	Montebello	5467	0,2	0,25	Alta	0,14	0,08
Bolívar	Montecristo	13458	0,15	0,15	Intermedia	0,08	0,04
Córdoba	Montelíbano	23466	0,15	0,2	Intermedia	0,08	0,04
Quindío	Montenegro	63470	0,25	0,25	Alta	0,19	0,1
Córdoba	Montería	23001	0,1	0,2	Intermedia	0,07	0,04
Casanare	Monterrey	85162	0,3	0,25	Alta	0,11	0,05
Córdoba	Moñitos	23500	0,1	0,15	Intermedia	0,05	0,03
Cauca	Morales	19473	0,25	0,2	Alta	0,16	0,08
Bolívar	Morales.	13473	0,15	0,15	Intermedia	0,07	0,04
Caquetá	Morelia	18479	0,15	0,15	Intermedia	0,06	0,03
Guainía	Morichal	94888	0,05	0,05	Baja	0,04	0,02
Sucre	Morroa	70473	0,1	0,15	Intermedia	0,07	0,04
Cundinamarca	Mosquera	25473	0,15	0,2	Intermedia	0,1	0,06
Nariño	Mosquera.	52473	0,5	0,4	Alta	0,16	0,08
Boyacá	Motavita	15476	0,2	0,2	Intermedia	0,11	0,05
Tolima	Murillo	73461	0,2	0,2	Intermedia	0,15	0,08
Antioquia	Murindó	5475	0,35	0,35	Alta	0,25	0,13
Antioquia	Mutatá	5480	0,25	0,3	Alta	0,16	0,09
Norte de Santander	Mutiscua	54480	0,3	0,25	Alta	0,08	0,04
Boyacá	Muzo	15480	0,15	0,15	Intermedia	0,15	0,08
Antioquia	Nariño	5483	0,2	0,2	Intermedia	0,12	0,07
Cundinamarca	Nariño.	25483	0,2	0,2	Intermedia	0,13	0,06
Huila	Nátaga	41483	0,25	0,2	Alta	0,19	0,07
Tolima	Natagaima	73483	0,25	0,25	Alta	0,11	0,06
Antioquia	Nechí	5495	0,15	0,15	Intermedia	0,05	0,03
Antioquia	Necoclí	5490	0,2	0,2	Intermedia	0,15	0,07
Caldas	Neira	17486	0,25	0,25	Alta	0,19	0,1
Huila	Neiva	41001	0,25	0,25	Alta	0,2	0,08
Cundinamarca	Nemocón	25486	0,15	0,2	Intermedia	0,09	0,05
Cundinamarca	Nilo	25488	0,2	0,2	Intermedia	0,1	0,05
Cundinamarca	Nimáima	25489	0,15	0,2	Intermedia	0,14	0,06
Boyacá	Nobsa	15491	0,25	0,25	Alta	0,16	0,08
Cundinamarca	Nocáima	25491	0,15	0,2	Intermedia	0,14	0,06
Caldas	Norcasia	17495	0,15	0,2	Intermedia	0,15	0,07
Chocó	Nóvita	27491	0,4	0,35	Alta	0,24	0,1
Magdalena	Nueva Granada	47460	0,1	0,1	Baja	0,04	0,02
Boyacá	Nuevo Colón	15494	0,2	0,2	Intermedia	0,13	0,06
Casanare	Nunchía	85225	0,2	0,15	Intermedia	0,09	0,04
Chocó	Nuquí	27495	0,45	0,4	Alta	0,24	0,1
Valle del Cauca	Obando	76497	0,25	0,25	Alta	0,16	0,1
Santander	Ocamonte	68498	0,2	0,25	Alta	0,08	0,05
Norte de Santander	Ocaña	54498	0,2	0,15	Intermedia	0,08	0,03
Santander	Oiba	68500	0,2	0,2	Intermedia	0,09	0,06
Boyacá	Oicatá	15500	0,2	0,25	Alta	0,13	0,06
Antioquia	Olaya	5501	0,15	0,2	Intermedia	0,15	0,07
Nariño	Olaya Herrera	52490	0,5	0,4	Alta	0,16	0,08
Santander	Onzága	68502	0,25	0,25	Alta	0,13	0,07
Huila	Oporapa	41503	0,3	0,15	Alta	0,2	0,08
Putumayo	Orito	86320	0,3	0,25	Alta	0,08	0,05
Casanare	Orocué	85230	0,05	0,15	Intermedia	0,04	0,02
Tolima	Ortega	73504	0,25	0,2	Alta	0,08	0,05
Nariño	Ospina	52506	0,25	0,25	Alta	0,12	0,08
Boyacá	Otanche	15507	0,15	0,15	Intermedia	0,16	0,08
Sucre	Ovejas	70508	0,1	0,15	Intermedia	0,06	0,04
Boyacá	Pachavita	15511	0,25	0,25	Alta	0,16	0,07
Cundinamarca	Pacho	25513	0,15	0,2	Intermedia	0,1	0,06
Vaupés	Pacoa	97511	0,05	0,05	Baja	0,04	0,02
Caldas	Pácora	17513	0,25	0,25	Alta	0,2	0,1
Cauca	Padilla	19513	0,25	0,2	Alta	0,16	0,07
Cauca	Páez	19517	0,25	0,2	Alta	0,11	0,05
Boyacá	Páez.	15514	0,3	0,25	Alta	0,16	0,08
Huila	Paicol	41518	0,25	0,2	Alta	0,2	0,08
Cesar	Pailitas	20517	0,15	0,1	Intermedia	0,08	0,04
Cundinamarca	Paime	25518	0,15	0,2	Intermedia	0,12	0,06
Boyacá	Paipa	15516	0,2	0,25	Alta	0,12	0,06
Boyacá	Pajarito	15518	0,3	0,25	Alta	0,16	0,08
Huila	Palermo	41524	0,25	0,25	Alta	0,18	0,07
Huila	Palestina	41530	0,3	0,2	Alta	0,2	0,08
Caldas	Palestina.	17524	0,25	0,25	Alta	0,2	0,1
Santander	Palmar	68522	0,15	0,2	Intermedia	0,15	0,09
Atlántico	Palmar de Varela	8520	0,1	0,1	Baja	0,08	0,03
Santander	Palmas del Socorro	68524	0,15	0,2	Intermedia	0,11	0,08
Valle del Cauca	Palmira	76520	0,25	0,2	Alta	0,12	0,07
Sucre	Palmito	70523	0,1	0,15	Intermedia	0,05	0,04
Tolima	Palocabildo	73520	0,2	0,2	Intermedia	0,13	0,08
Norte de Santander	Pamplona	54518	0,3	0,25	Alta	0,1	0,05
Norte de Santander	Pamplonita	54520	0,35	0,25	Alta	0,13	0,06
Guainía	Pana Pana	94887	0,05	0,05	Baja	0,04	0,02
Cundinamarca	Pandi	25524	0,2	0,2	Intermedia	0,09	0,05
Boyacá	Panqueba	15522	0,25	0,3	Alta	0,16	0,08
Vaupés	Papunahua	97777	0,05	0,05	Baja	0,04	0,02
Santander	Páramo	68533	0,2	0,25	Alta	0,09	0,06
Cundinamarca	Paratebueno	25530	0,3	0,25	Alta	0,09	0,04
Cundinamarca	Pasca	25535	0,2	0,2	Intermedia	0,1	0,05
Nariño	Pasto	52001	0,25	0,25	Alta	0,15	0,08
Cauca	Patía	19532	0,25	0,25	Alta	0,16	0,08
Boyacá	Pauna	15531	0,15	0,15	Intermedia	0,15	0,07
Boyacá	Paya	15533	0,35	0,25	Alta	0,16	0,08
Casanare	Paz de Ariporo	85250	0,05	0,15	Intermedia	0,04	0,02
Boyacá	Paz De Rio	15537	0,25	0,25	Alta	0,16	0,08
Magdalena	Pedraza	47541	0,1	0,1	Baja	0,04	0,02
Cesar	Pelaya	20550	0,15	0,15	Intermedia	0,08	0,04
Caldas	Pensilvania	17541	0,2	0,2	Intermedia	0,18	0,09
Antioquia	Peñol	5541	0,15	0,2	Intermedia	0,1	0,05
Antioquia	Peque	5543	0,2	0,25	Alta	0,11	0,06
Risaralda	Pereira	66001	0,25	0,25	Alta	0,2	0,1
Boyacá	Pesca	15542	0,2	0,25	Alta	0,16	0,08
Cauca	Piamonte	19533	0,25	0,2	Alta	0,09	0,05
Santander	Piedecuesta	68547	0,25	0,25	Alta	0,11	0,07
Tolima	Piedras	73547	0,2	0,2	Intermedia	0,14	0,07
Cauca	Piendamó	19548	0,25	0,2	Alta	0,16	0,08
Quindío	Pijáo	63548	0,25	0,2	Alta	0,2	0,1
Magdalena	Pijino del Carmen	47545	0,1	0,1	Baja	0,04	0,02
Santander	Pinchote	68549	0,2	0,25	Alta	0,09	0,06
Bolívar	Pinillos	13549	0,1	0,15	Intermedia	0,05	0,03
Atlántico	Piojo	8549	0,1	0,1	Baja	0,04	0,02
Boyacá	Pisba	15550	0,3	0,25	Alta	0,16	0,08
Huila	Pital	41548	0,3	0,15	Alta	0,2	0,08
Huila	Pitalito	41551	0,3	0,15	Alta	0,2	0,08
Magdalena	Pivijay	47551	0,1	0,1	Baja	0,04	0,02
Tolima	Planadas	73555	0,25	0,2	Alta	0,06	0,04
Córdoba	Planeta Rica	23555	0,15	0,2	Intermedia	0,08	0,04
Magdalena	Plato	47555	0,1	0,1	Baja	0,04	0,02
Nariño	Policarpa	52540	0,3	0,3	Alta	0,13	0,08
Atlántico	Polonuevo	8558	0,1	0,1	Baja	0,06	0,03
Atlántico	Ponedera	8560	0,1	0,1	Baja	0,08	0,03
Cauca	Popayán	19001	0,25	0,2	Alta	0,15	0,08
Casanare	Pore	85263	0,2	0,15	Intermedia	0,08	0,04
Nariño	Potosí	52560	0,25	0,25	Alta	0,16	0,08
Valle del Cauca	Pradera	76563	0,25	0,2	Alta	0,12	0,06
Tolima	Prado	73563	0,25	0,2	Alta	0,13	0,06
Nariño	Providencia	52565	0,25	0,25	Alta	0,16	0,08
Archipiélago de San Andrés	Providencia y Santa Catalina	88564	0,1	0,1	Baja	0,05	0,03
Cesar	Pueblo Bello	20570	0,1	0,1	Baja	0,05	0,03
Córdoba	Pueblo Nuevo	23570	0,15	0,15	Intermedia	0,08	0,05
Risaralda	Pueblo Rico	66572	0,3	0,3	Alta	0,2	0,1
Antioquia	Pueblorrico	5576	0,25	0,25	Alta	0,17	0,1
Magdalena	Puebloviejo	47570	0,1	0,1	Baja	0,04	0,02
Santander	Puente Nacional	68572	0,15	0,2	Intermedia	0,08	0,05
Nariño	Puerres	52573	0,25	0,25	Alta	0,16	0,08
Amazonas	Puerto Alegría	91530	0,05	0,05	Baja	0,04	0,02
Amazonas	Puerto Arica	91536	0,05	0,05	Baja	0,04	0,02
Putumayo	Puerto Asís	86568	0,05	0,15	Intermedia	0,04	0,02
Antioquia	Puerto Berrío	5579	0,15	0,15	Intermedia	0,11	0,06
Boyacá	Puerto Boyacá	15572	0,15	0,15	Intermedia	0,1	0,05
Putumayo	Puerto Caicedo	86569	0,15	0,2	Intermedia	0,04	0,02
Vichada	Puerto Carreño	99001	0,05	0,05	Baja	0,04	0,02
Guainía	Puerto Colombia	94884	0,05	0,05	Baja	0,04	0,02
Atlántico	Puerto Colombia.	8573	0,1	0,1	Baja	0,04	0,03
Meta	Puerto Concordia	50450	0,05	0,05	Baja	0,04	0,02
Córdoba	Puerto Escondido	23574	0,1	0,2	Intermedia	0,06	0,04
Meta	Puerto Gaitán	50568	0,05	0,1	Baja	0,04	0,02
Putumayo	Puerto Guzmán	86571	0,05	0,15	Intermedia	0,04	0,02
Guainía	Puerto Inírida	94001	0,05	0,05	Baja	0,04	0,02
Putumayo	Puerto Leguízamo	86573	0,05	0,05	Baja	0,04	0,02
Córdoba	Puerto Libertador	23580	0,15	0,2	Intermedia	0,08	0,04
Meta	Puerto Lleras	50577	0,05	0,15	Intermedia	0,04	0,02
Meta	Puerto López	50573	0,05	0,15	Intermedia	0,04	0,02
Antioquia	Puerto Nare	5585	0,15	0,2	Intermedia	0,11	0,06
Amazonas	Puerto Nariño	91540	0,05	0,05	Baja	0,04	0,02
Santander	Puerto parra	68573	0,15	0,15	Intermedia	0,05	0,04
Meta	Puerto Rico	50590	0,05	0,1	Baja	0,04	0,02
Caquetá	Puerto Rico.	18592	0,15	0,15	Intermedia	0,07	0,03
Arauca	Puerto Rondón	81591	0,15	0,15	Intermedia	0,14	0,05
Cundinamarca	Puerto Salgar	25572	0,15	0,2	Intermedia	0,11	0,06
Norte de Santander	Puerto Santander	54553	0,35	0,25	Alta	0,09	0,04
Amazonas	Puerto Santander.	91669	0,05	0,05	Baja	0,04	0,02
Cauca	Puerto Tejada	19573	0,25	0,2	Alta	0,13	0,08
Antioquia	Puerto Triunfo	5591	0,15	0,2	Intermedia	0,09	0,05
Santander	Puerto Wilches	68575	0,15	0,15	Intermedia	0,04	0,03
Cundinamarca	Pulí	25580	0,2	0,2	Intermedia	0,14	0,06
Nariño	Pupiales	52585	0,25	0,25	Alta	0,12	0,08
Cauca	Puracé	19585	0,25	0,2	Alta	0,12	0,06
Tolima	Purificación	73585	0,25	0,2	Alta	0,14	0,06
Córdoba	Purísima	23586	0,1	0,15	Intermedia	0,06	0,03
Cundinamarca	Quebradanegra	25592	0,15	0,2	Intermedia	0,16	0,06
Cundinamarca	Quetame	25594	0,25	0,25	Alta	0,16	0,08
Chocó	Quibdó	27001	0,35	0,35	Alta	0,25	0,13
Quindío	Quimbaya	63594	0,25	0,25	Alta	0,2	0,1
Risaralda	Quinchía	66594	0,25	0,3	Alta	0,2	0,1
Boyacá	Quipama	15580	0,15	0,15	Intermedia	0,16	0,08
Cundinamarca	Quipile	25596	0,15	0,2	Intermedia	0,16	0,08
Norte de Santander	Ragonvalia	54599	0,35	0,3	Alta	0,2	0,09
Boyacá	Ramiriquí	15599	0,2	0,25	Alta	0,16	0,08
Boyacá	Ráquira	15600	0,2	0,2	Intermedia	0,09	0,05
Casanare	Recetor	85279	0,3	0,3	Alta	0,16	0,08
Bolívar	Regidor	13580	0,15	0,15	Intermedia	0,07	0,04
Antioquia	Remedios	5604	0,15	0,2	Intermedia	0,15	0,07
Magdalena	Remolino	47605	0,1	0,1	Baja	0,04	0,02
Atlántico	Repelón	8606	0,1	0,1	Baja	0,04	0,02
Valle del Cauca	Restrepo	76606	0,25	0,25	Alta	0,11	0,08
Meta	Restrepo.	50606	0,3	0,3	Alta	0,13	0,05
Antioquia	Retiro	5607	0,15	0,2	Intermedia	0,13	0,07
Nariño	Ricaurte	52612	0,35	0,3	Alta	0,16	0,08
Cundinamarca	Ricaurte.	25612	0,2	0,2	Intermedia	0,11	0,06
Cesar	Río de Oro	20614	0,2	0,15	Intermedia	0,08	0,04
Chocó	Río Iro	27580	0,35	0,35	Alta	0,24	0,1
Chocó	Río Quito	27600	0,35	0,4	Alta	0,24	0,1
Bolívar	Río Viejo	13600	0,15	0,15	Intermedia	0,07	0,04
Tolima	Rioblanco	73616	0,25	0,2	Alta	0,07	0,04
Valle del Cauca	Riofrío	76616	0,25	0,25	Alta	0,16	0,1
Guajira	Riohacha	44001	0,1	0,15	Intermedia	0,07	0,04
Santander	Rionegro	68615	0,2	0,2	Intermedia	0,07	0,04
Antioquia	Rionegro.	5615	0,15	0,2	Intermedia	0,12	0,06
Chocó	Riosucio	27615	0,35	0,35	Alta	0,24	0,1
Caldas	Riosucio.	17614	0,25	0,3	Alta	0,2	0,1
Caldas	Risaralda	17616	0,25	0,3	Alta	0,2	0,1
Huila	Rivera	41615	0,3	0,2	Alta	0,2	0,08
Nariño	Roberto Payán	52621	0,45	0,4	Alta	0,16	0,08
Valle del Cauca	Roldanillo	76622	0,25	0,25	Alta	0,16	0,1
Tolima	Roncesvalles	73622	0,25	0,2	Alta	0,15	0,08
Boyacá	Rondón	15621	0,2	0,25	Alta	0,16	0,08
Cauca	Rosas	19622	0,25	0,2	Alta	0,16	0,08
Tolima	Rovira	73624	0,2	0,2	Intermedia	0,12	0,07
Santander	Sabana de Torres	68655	0,2	0,15	Intermedia	0,06	0,04
Atlántico	Sabanagrande	8634	0,1	0,1	Baja	0,07	0,03
Casanare	Sabanalarga	85300	0,35	0,3	Alta	0,13	0,05
Antioquia	Sabanalarga.	5628	0,2	0,2	Intermedia	0,13	0,07
Atlántico	Sabanalarga..	8638	0,1	0,1	Baja	0,05	0,03
Magdalena	Sabanas de San Ángel	47660	0,1	0,1	Baja	0,04	0,02
Antioquia	Sabaneta	5631	0,15	0,2	Intermedia	0,14	0,08
Boyacá	Saboyá	15632	0,15	0,2	Intermedia	0,1	0,06
Casanare	Sácama	85315	0,35	0,2	Alta	0,16	0,08
Boyacá	Sáchica	15638	0,2	0,2	Intermedia	0,09	0,05
Córdoba	Sahagún	23660	0,15	0,15	Intermedia	0,08	0,04
Huila	Saladoblanco	41660	0,25	0,2	Alta	0,2	0,07
Caldas	Salamina	17653	0,25	0,25	Alta	0,18	0,09
Magdalena	Salamina.	47675	0,1	0,1	Baja	0,04	0,02
Norte de Santander	Salazar	54660	0,3	0,25	Alta	0,09	0,04
Tolima	Saldaña	73671	0,25	0,2	Alta	0,11	0,06
Quindío	Salento	63690	0,25	0,25	Alta	0,18	0,09
Antioquia	Salgar	5642	0,25	0,25	Alta	0,15	0,09
Boyacá	Samacá	15646	0,2	0,2	Intermedia	0,1	0,05
Caldas	Samaná	17662	0,2	0,2	Intermedia	0,19	0,09
Nariño	Samaniego	52678	0,3	0,3	Alta	0,13	0,08
Sucre	Sampués	70670	0,1	0,15	Intermedia	0,06	0,04
Huila	San Agustín	41668	0,25	0,2	Alta	0,19	0,08
Cesar	San Alberto	20710	0,2	0,15	Intermedia	0,08	0,04
Antioquia	San Andrés	5647	0,15	0,2	Intermedia	0,12	0,06
Santander	San Andrés	68669	0,25	0,25	Alta	0,09	0,05
Córdoba	San Andrés de Sotavento	23670	0,1	0,15	Intermedia	0,08	0,04
Archipiélago de San Andrés	San Andrés.	88001	0,1	0,1	Baja	0,05	0,03
Córdoba	San Antero	23672	0,1	0,15	Intermedia	0,05	0,03
Tolima	San Antonio	73675	0,25	0,2	Alta	0,1	0,06
Cundinamarca	San Antonio de Tequendama	25645	0,15	0,2	Intermedia	0,1	0,06
Santander	San Benito	68673	0,15	0,2	Intermedia	0,12	0,07
Sucre	San Benito Abad	70678	0,1	0,15	Intermedia	0,04	0,03
Nariño	San Bernardo	52685	0,25	0,25	Alta	0,16	0,08
Córdoba	San Bernardo del Viento	23675	0,1	0,15	Intermedia	0,05	0,03
Cundinamarca	San Bernardo.	25649	0,25	0,2	Alta	0,1	0,05
Norte de Santander	San Calixto	54670	0,2	0,15	Intermedia	0,05	0,03
Córdoba	San Carlos	23678	0,1	0,15	Intermedia	0,08	0,04
Meta	San Carlos Guaroa	50680	0,15	0,2	Intermedia	0,05	0,03
Antioquia	San Carlos.	5649	0,15	0,2	Intermedia	0,1	0,06
Norte de Santander	San Cayetano	54673	0,35	0,3	Alta	0,19	0,08
Cundinamarca	San Cayetano.	25653	0,15	0,15	Intermedia	0,1	0,06
Bolívar	San Cristóbal	13620	0,1	0,1	Baja	0,08	0,04
Cesar	San Diego	20750	0,1	0,1	Baja	0,05	0,03
Boyacá	San Eduardo	15660	0,25	0,25	Alta	0,16	0,08
Bolívar	San Estanislao	13647	0,1	0,1	Baja	0,06	0,03
Guainía	San Felipe	94883	0,05	0,05	Baja	0,04	0,02
Bolívar	San Fernando	13650	0,1	0,1	Baja	0,04	0,03
Putumayo	San Francisco	86755	0,3	0,25	Alta	0,16	0,1
Cundinamarca	San Francisco.	25658	0,15	0,2	Intermedia	0,11	0,06
Antioquia	San Francisco..	5652	0,15	0,2	Intermedia	0,13	0,07
Santander	San Gil	68679	0,2	0,25	Alta	0,09	0,06
Bolívar	San Jacinto	13654	0,1	0,1	Baja	0,08	0,04
Bolívar	San Jacinto del Cauca	13655	0,15	0,15	Intermedia	0,08	0,04
Antioquia	San Jerónimo	5656	0,15	0,2	Intermedia	0,15	0,08
Santander	San Joaquín	68682	0,25	0,25	Alta	0,13	0,07
Caldas	San José	17665	0,25	0,3	Alta	0,2	0,1
Caquetá	San José de la Fragua	18610	0,25	0,2	Alta	0,09	0,05
Antioquia	San José de la Montaña	5658	0,15	0,2	Intermedia	0,12	0,06
Santander	San José de Miranda	68684	0,25	0,25	Alta	0,1	0,05
Boyacá	San José de Pare	15664	0,15	0,2	Intermedia	0,11	0,06
Guaviare	San José del Guaviare	95001	0,05	0,05	Baja	0,04	0,02
Chocó	San José del Palmar	27660	0,35	0,3	Alta	0,24	0,1
Sucre	San Juan Betulia	70702	0,1	0,15	Intermedia	0,05	0,03
Meta	San Juan de Arama	50683	0,15	0,2	Intermedia	0,06	0,03
Cundinamarca	San Juan de Rioseco	25662	0,2	0,2	Intermedia	0,16	0,06
Antioquia	San Juan de Urabá	5659	0,1	0,2	Intermedia	0,06	0,03
Guajira	San Juan del Cesar	44650	0,15	0,1	Intermedia	0,05	0,03
Bolívar	San Juan Nepomuceno	13657	0,1	0,1	Baja	0,08	0,04
Meta	San Juanito	50686	0,3	0,25	Alta	0,2	0,08
Nariño	San Lorenzo	52687	0,25	0,25	Alta	0,11	0,07
Tolima	San Luis	73678	0,25	0,2	Alta	0,1	0,06
Meta	San Luis de Cubarral	50223	0,35	0,25	Alta	0,2	0,08
Boyacá	San Luis de Gaceno	15667	0,35	0,3	Alta	0,16	0,07
Casanare	San Luis de Palenque	85325	0,1	0,15	Intermedia	0,04	0,02
Antioquia	San Luis.	5660	0,15	0,25	Alta	0,12	0,06
Sucre	San Marcos	70708	0,15	0,15	Intermedia	0,04	0,04
Meta	San Martín	50689	0,05	0,15	Intermedia	0,04	0,02
Bolívar	San Martín de Loba	13667	0,15	0,15	Intermedia	0,06	0,04
Cesar	San Martín.	20770	0,2	0,15	Intermedia	0,08	0,04
Boyacá	San Mateo	15673	0,25	0,25	Alta	0,16	0,08
Santander	San Miguel	68686	0,25	0,25	Alta	0,11	0,06
Boyacá	San Miguel de Sema	15676	0,15	0,2	Intermedia	0,09	0,05
Putumayo	San Miguel.	86757	0,15	0,2	Intermedia	0,04	0,02
Sucre	San Onofre	70713	0,1	0,15	Intermedia	0,04	0,03
Nariño	San Pablo	52693	0,25	0,25	Alta	0,16	0,08
Boyacá	San Pablo Borbur	15681	0,15	0,15	Intermedia	0,16	0,08
Bolívar	San Pablo.	13670	0,15	0,15	Intermedia	0,36	0,04
Valle del Cauca	San Pedro	76670	0,25	0,25	Alta	0,12	0,08
Nariño	San Pedro de Cartago	52694	0,25	0,25	Alta	0,15	0,08
Antioquia	San Pedro de Urabá	5665	0,15	0,2	Intermedia	0,06	0,04
Antioquia	San Pedro.	5664	0,15	0,2	Intermedia	0,12	0,06
Sucre	San Pedro..	70717	0,1	0,15	Intermedia	0,04	0,03
Córdoba	San Pelayo	23686	0,1	0,15	Intermedia	0,06	0,03
Antioquia	San Rafael	5667	0,15	0,2	Intermedia	0,09	0,05
Antioquia	San Roque	5670	0,15	0,2	Intermedia	0,08	0,05
Boyacá	San Rosa Viterbo	15693	0,2	0,25	Alta	0,16	0,08
Cauca	San Sebastián	19693	0,25	0,25	Alta	0,15	0,07
Magdalena	San Sebastiánde Buenavista	47692	0,1	0,1	Baja	0,04	0,02
Antioquia	San Vicente	5674	0,15	0,2	Intermedia	0,11	0,06
Santander	San Vicente de Chucurí	68689	0,15	0,15	Intermedia	0,16	0,08
Caquetá	San Vicente del Caguán	18753	0,05	0,05	Baja	0,04	0,02
Magdalena	San Zenón	47703	0,1	0,1	Baja	0,04	0,02
Nariño	Sandoná	52683	0,25	0,25	Alta	0,13	0,08
Magdalena	Santa Ana	47707	0,1	0,1	Baja	0,04	0,02
Antioquia	Santa Bárbara	5679	0,2	0,25	Alta	0,16	0,09
Magdalena	Santa Bárbara de Pinto	47720	0,1	0,1	Baja	0,04	0,02
Nariño	Santa Bárbara.	52696	0,45	0,35	Alta	0,16	0,08
Santander	Santa Bárbara..	68705	0,25	0,25	Alta	0,09	0,05
Bolívar	Santa Catalina	13673	0,1	0,1	Baja	0,06	0,03
Santander	Santa Helena del Opón	68720	0,15	0,15	Intermedia	0,18	0,1
Tolima	Santa Isabel	73686	0,2	0,2	Intermedia	0,13	0,08
Atlántico	Santa Lucía	8675	0,1	0,1	Baja	0,07	0,03
Huila	Santa María	41676	0,25	0,2	Alta	0,14	0,05
Boyacá	Santa María.	15690	0,3	0,25	Alta	0,16	0,08
Magdalena	Santa Marta	47001	0,15	0,1	Intermedia	0,1	0,04
Bolívar	Santa Rosa	13683	0,1	0,1	Baja	0,05	0,03
Risaralda	Santa Rosa de Cabal	66682	0,25	0,25	Alta	0,18	0,09
Antioquia	Santa Rosa de Osos	5686	0,15	0,2	Intermedia	0,1	0,05
Bolívar	Santa Rosa del Sur	13688	0,15	0,15	Intermedia	0,08	0,04
Cauca	Santa Rosa.	19701	0,25	0,25	Alta	0,16	0,08
Vichada	Santa Rosalía	99624	0,05	0,05	Baja	0,04	0,02
Boyacá	Santa Sofía	15696	0,15	0,2	Intermedia	0,09	0,05
Nariño	Santacruz	52699	0,3	0,25	Alta	0,16	0,08
Antioquia	Santafé de Antioquia	5042	0,2	0,2	Intermedia	0,13	0,07
Boyacá	Santana	15686	0,15	0,2	Intermedia	0,13	0,07
Cauca	Santander de Quilichao	19698	0,25	0,2	Alta	0,14	0,08
Norte de Santander	Santiago	54680	0,3	0,25	Alta	0,14	0,06
Putumayo	Santiago.	86760	0,3	0,25	Alta	0,17	0,1
Antioquia	Santo Domingo	5690	0,15	0,2	Intermedia	0,09	0,05
Atlántico	Santo Tomás	8685	0,1	0,1	Baja	0,07	0,03
Risaralda	Santuario	66687	0,3	0,3	Alta	0,2	0,1
Antioquia	Santuario.	5697	0,15	0,2	Intermedia	0,11	0,06
Nariño	Sapuyés	52720	0,25	0,25	Alta	0,16	0,08
Arauca	Saravena	81736	0,3	0,25	Alta	0,21	0,08
Norte de Santander	Sardinata	54720	0,3	0,25	Alta	0,15	0,06
Cundinamarca	Sasaima	25718	0,15	0,2	Intermedia	0,16	0,06
Boyacá	Sativanorte	15720	0,25	0,25	Alta	0,16	0,08
Boyacá	Sativasur	15723	0,25	0,25	Alta	0,16	0,08
Antioquia	Segovia	5736	0,15	0,2	Intermedia	0,1	0,05
Cundinamarca	Sesquilé	25736	0,15	0,2	Intermedia	0,1	0,05
Valle del Cauca	Sevilla	76736	0,25	0,2	Alta	0,13	0,08
Boyacá	Siachoque	15740	0,15	0,25	Alta	0,16	0,08
Cundinamarca	Sibaté	25740	0,15	0,2	Intermedia	0,09	0,05
Putumayo	Sibundoy	86749	0,25	0,25	Alta	0,14	0,08
Norte de Santander	Silos	54743	0,25	0,25	Alta	0,07	0,03
Cundinamarca	Silvania	25743	0,2	0,2	Intermedia	0,09	0,05
Cauca	Silvia	19743	0,25	0,2	Alta	0,1	0,05
Santander	Simacota	68745	0,15	0,15	Intermedia	0,09	0,06
Cundinamarca	Simijaca	25745	0,15	0,15	Intermedia	0,09	0,05
Bolívar	Simití	13744	0,15	0,15	Intermedia	0,08	0,04
Sucre	Sincé	70742	0,1	0,15	Intermedia	0,04	0,03
Sucre	Sincelejo	70001	0,1	0,15	Intermedia	0,07	0,04
Chocó	Sipí	27745	0,35	0,35	Alta	0,24	0,1
Magdalena	Sitionuevo	47745	0,1	0,1	Baja	0,05	0,02
Cundinamarca	Soacha	25754	0,15	0,2	Intermedia	0,09	0,05
Boyacá	Soatá	15753	0,25	0,25	Alta	0,16	0,07
Boyacá	Socha	15757	0,25	0,25	Alta	0,16	0,08
Santander	Socorro	68755	0,2	0,2	Intermedia	0,11	0,07
Boyacá	Socotá	15755	0,25	0,3	Alta	0,16	0,08
Boyacá	Sogamoso	15759	0,25	0,25	Alta	0,16	0,08
Caquetá	Solano	18756	0,05	0,05	Baja	0,04	0,02
Atlántico	Soledad	8758	0,1	0,1	Baja	0,06	0,03
Caquetá	Solita	18785	0,05	0,15	Intermedia	0,04	0,02
Boyacá	Somondoco	15761	0,25	0,25	Alta	0,16	0,08
Antioquia	Sonsón	5756	0,15	0,2	Intermedia	0,12	0,07
Antioquia	Sopetrán	5761	0,15	0,2	Intermedia	0,15	0,08
Bolívar	Soplaviento	13760	0,1	0,1	Baja	0,08	0,04
Cundinamarca	Sopó	25758	0,15	0,2	Intermedia	0,09	0,05
Boyacá	Sora	15762	0,2	0,2	Intermedia	0,1	0,05
Boyacá	Soracá	15764	0,2	0,25	Alta	0,14	0,07
Boyacá	Sotaquirá	15763	0,2	0,2	Intermedia	0,11	0,06
Cauca	Sotará	19760	0,25	0,2	Alta	0,13	0,07
Santander	Suaita	68770	0,15	0,2	Intermedia	0,09	0,06
Atlántico	Suán	8770	0,1	0,1	Baja	0,08	0,03
Cauca	Suárez	19780	0,25	0,2	Alta	0,16	0,08
Tolima	Suárez.	73770	0,25	0,2	Alta	0,13	0,06
Huila	Suazá	41770	0,3	0,15	Alta	0,16	0,06
Cundinamarca	Subachoque	25769	0,15	0,2	Intermedia	0,1	0,06
Cauca	Sucre	19785	0,25	0,25	Alta	0,14	0,08
Sucre	Sucre.	70771	0,1	0,15	Intermedia	0,04	0,03
Santander	Sucre..	68773	0,15	0,15	Intermedia	0,15	0,07
Cundinamarca	Suesca	25772	0,15	0,2	Intermedia	0,09	0,05
Cundinamarca	Supatá	25777	0,15	0,2	Intermedia	0,11	0,06
Caldas	Supía	17777	0,15	0,3	Alta	0,2	0,1
Santander	Suratá	68780	0,25	0,25	Alta	0,09	0,05
Cundinamarca	Susa	25779	0,15	0,2	Intermedia	0,09	0,05
Boyacá	Susacón	15774	0,25	0,25	Alta	0,16	0,08
Boyacá	Sutamarchán	15776	0,15	0,2	Intermedia	0,09	0,05
Cundinamarca	Sutatausa	25781	0,15	0,2	Intermedia	0,08	0,05
Boyacá	Sutatenza	15778	0,25	0,25	Alta	0,16	0,08
Cundinamarca	Tábio	25785	0,15	0,2	Intermedia	0,09	0,05
Chocó	Tadó	27787	0,35	0,35	Alta	0,24	0,1
Bolívar	Talaigua Nuevo	13780	0,1	0,1	Baja	0,04	0,03
Cesar	Tamalameque	20787	0,15	0,1	Intermedia	0,08	0,04
Casanare	Támara	85400	0,35	0,15	Alta	0,16	0,08
Arauca	Tame	81794	0,25	0,2	Alta	0,31	0,1
Antioquia	Támesis	5789	0,25	0,25	Alta	0,16	0,09
Nariño	Taminango	52786	0,25	0,25	Alta	0,15	0,08
Nariño	Tangua	52788	0,25	0,25	Alta	0,13	0,08
Vaupés	Taraira	97666	0,05	0,05	Baja	0,04	0,02
Amazonas	Tarapacá	91798	0,05	0,05	Baja	0,04	0,02
Antioquia	Tarazá	5790	0,15	0,2	Intermedia	0,08	0,04
Huila	Tarquí	41791	0,3	0,15	Alta	0,2	0,08
Antioquia	Tarso	5792	0,25	0,25	Alta	0,16	0,09
Boyacá	Tasco	15790	0,25	0,25	Alta	0,16	0,08
Casanare	Tauramena	85410	0,15	0,2	Intermedia	0,06	0,03
Cundinamarca	Tausa	25793	0,15	0,2	Intermedia	0,09	0,05
Huila	Tello	41799	0,3	0,25	Alta	0,19	0,08
Cundinamarca	Tena	25797	0,15	0,2	Intermedia	0,12	0,06
Magdalena	Tenerife	47798	0,1	0,1	Baja	0,04	0,02
Cundinamarca	Tenjo	25799	0,15	0,2	Intermedia	0,09	0,05
Boyacá	Tenza	15798	0,2	0,25	Alta	0,16	0,08
Norte de Santander	Teorama	54800	0,2	0,15	Intermedia	0,04	0,02
Huila	Teruel	41801	0,25	0,2	Alta	0,19	0,07
Huila	Tesalia	41797	0,25	0,2	Alta	0,19	0,07
Cundinamarca	Tibacuy	25805	0,2	0,2	Intermedia	0,09	0,05
Boyacá	Tibaná	15804	0,2	0,25	Alta	0,16	0,07
Boyacá	Tibasosa	15806	0,2	0,25	Alta	0,16	0,08
Cundinamarca	Tibiritá	25807	0,2	0,25	Alta	0,15	0,06
Norte de Santander	Tibú	54810	0,2	0,2	Intermedia	0,11	0,04
Córdoba	Tierralta	23807	0,2	0,2	Intermedia	0,08	0,04
Huila	Timaná	41807	0,3	0,15	Alta	0,2	0,08
Cauca	Timbío	19807	0,25	0,2	Alta	0,16	0,08
Cauca	Timbiquí	19809	0,4	0,3	Alta	0,14	0,08
Boyacá	Tinjacá	15808	0,15	0,2	Intermedia	0,09	0,05
Boyacá	Tipacoque	15810	0,25	0,25	Alta	0,15	0,07
Bolívar	Tiquisio	13810	0,15	0,15	Intermedia	0,08	0,05
Antioquia	Titiribí	5809	0,2	0,2	Intermedia	0,15	0,08
Boyacá	Toca	15814	0,2	0,25	Alta	0,16	0,08
Cundinamarca	Tocaima	25815	0,2	0,2	Intermedia	0,12	0,06
Cundinamarca	Tocancipá	25817	0,15	0,2	Intermedia	0,09	0,05
Boyacá	Toguí	15816	0,15	0,2	Intermedia	0,1	0,06
Antioquia	Toledo	5819	0,15	0,2	Intermedia	0,13	0,07
Norte de Santander	Toledo.	54820	0,35	0,3	Alta	0,24	0,1
Sucre	Tolú	70820	0,1	0,15	Intermedia	0,04	0,03
Sucre	Toluviejo	70823	0,1	0,15	Intermedia	0,06	0,04
Santander	Tona	68820	0,25	0,25	Alta	0,09	0,05
Boyacá	Tópaga	15820	0,25	0,25	Alta	0,16	0,08
Cundinamarca	Topaipí	25823	0,15	0,15	Intermedia	0,15	0,06
Cauca	Toribío	19821	0,25	0,2	Alta	0,09	0,05
Valle del Cauca	Toro	76823	0,25	0,25	Alta	0,16	0,14
Boyacá	Tota	15822	0,2	0,25	Alta	0,16	0,08
Cauca	Totoró	19824	0,25	0,2	Alta	0,1	0,05
Casanare	Trinidad	85430	0,05	0,15	Intermedia	0,04	0,02
Valle del Cauca	Trujillo	76828	0,25	0,25	Alta	0,15	0,1
Atlántico	Tubará	8832	0,1	0,1	Baja	0,04	0,03
Valle del Cauca	Tuluá	76834	0,25	0,2	Alta	0,12	0,07
Nariño	Tumaco	52835	0,45	0,4	Alta	0,16	0,08
Boyacá	Tunja	15001	0,2	0,2	Intermedia	0,15	0,07
Boyacá	Tunungua	15832	0,15	0,15	Intermedia	0,13	0,07
Nariño	Túquerres	52838	0,25	0,25	Alta	0,16	0,08
Bolívar	Turbaco	13836	0,1	0,1	Baja	0,05	0,03
Bolívar	Turbaná	13838	0,1	0,1	Baja	0,05	0,03
Antioquia	Turbo	5837	0,25	0,25	Alta	0,13	0,07
Boyacá	Turmequé	15835	0,2	0,2	Intermedia	0,12	0,06
Boyacá	Tuta	15837	0,2	0,25	Alta	0,14	0,07
Boyacá	Tutazá	15839	0,25	0,25	Alta	0,16	0,08
Cundinamarca	Ubalá	25839	0,35	0,25	Alta	0,16	0,06
Cundinamarca	Ubaque	25841	0,2	0,25	Alta	0,12	0,06
Cundinamarca	Ubaté	25843	0,15	0,2	Intermedia	0,08	0,05
Valle del Cauca	Ulloa	76845	0,25	0,25	Alta	0,16	0,1
Boyacá	Úmbita	15842	0,2	0,25	Alta	0,15	0,06
Cundinamarca	Une	25845	0,2	0,25	Alta	0,13	0,06
Chocó	Unguía	27800	0,25	0,25	Alta	0,15	0,07
Chocó	Unión Panamericana	27810	0,4	0,4	Alta	0,24	0,1
Antioquia	Uramita	5842	0,25	0,25	Alta	0,12	0,07
Guajira	Uribía	44847	0,15	0,15	Intermedia	0,08	0,04
Antioquia	Urrao	5847	0,3	0,3	Alta	0,17	0,1
Guajira	Urumita	44855	0,1	0,1	Baja	0,06	0,03
Atlántico	Usiacurí	8849	0,1	0,1	Baja	0,04	0,03
Cundinamarca	Útica	25851	0,15	0,2	Intermedia	0,18	0,06
Antioquia	Valdivia	5854	0,15	0,2	Intermedia	0,11	0,05
Córdoba	Valencia	23855	0,15	0,2	Intermedia	0,08	0,04
Tolima	Valle de San Juan	73854	0,25	0,2	Alta	0,1	0,06
Putumayo	Valle del Guamuez	86865	0,15	0,2	Intermedia	0,04	0,02
Santander	Valle San José	68855	0,2	0,25	Alta	0,08	0,06
Cesar	Valledupar	20001	0,1	0,1	Baja	0,05	0,03
Antioquia	Valparaíso	5856	0,25	0,25	Alta	0,15	0,09
Caquetá	Valparaíso.	18860	0,05	0,15	Intermedia	0,04	0,03
Antioquia	Vegachí	5858	0,15	0,2	Intermedia	0,08	0,05
Santander	Vélez	68861	0,15	0,15	Intermedia	0,15	0,08
Tolima	Venadillo	73861	0,2	0,2	Intermedia	0,11	0,07
Antioquia	Venecia	5861	0,2	0,25	Alta	0,15	0,08
Cundinamarca	Venecia.	25506	0,25	0,2	Alta	0,1	0,05
Boyacá	Ventaquemada	15861	0,2	0,2	Intermedia	0,11	0,05
Cundinamarca	Vergara	25862	0,15	0,2	Intermedia	0,12	0,06
Valle del Cauca	Versalles	76863	0,3	0,3	Alta	0,16	0,1
Santander	Vetas	68867	0,25	0,25	Alta	0,09	0,05
Cundinamarca	Vianí	25867	0,15	0,2	Intermedia	0,16	0,06
Caldas	Victoria	17867	0,25	0,2	Alta	0,13	0,06
Antioquia	Vigía del Fuerte	5873	0,35	0,35	Alta	0,22	0,12
Valle del Cauca	Vijes	76869	0,25	0,25	Alta	0,16	0,1
Norte de Santander	Villa Caro	54871	0,3	0,25	Alta	0,07	0,04
Boyacá	Villa de Leyva	15407	0,2	0,2	Intermedia	0,09	0,05
Norte de Santander	Villa del Rosario	54874	0,35	0,3	Alta	0,25	0,1
Cauca	Villa Rica	19845	0,25	0,2	Alta	0,14	0,08
Putumayo	Villagarzón	86885	0,3	0,25	Alta	0,08	0,05
Cundinamarca	Villagómez	25871	0,15	0,15	Intermedia	0,11	0,06
Tolima	Villahermosa	73870	0,2	0,2	Intermedia	0,15	0,08
Caldas	Villamaría	17873	0,25	0,25	Alta	0,18	0,09
Casanare	Villanueva,	85440	0,2	0,2	Intermedia	0,06	0,03
Santander	Villanueva,,	68872	0,2	0,25	Alta	0,11	0,07
Bolívar	Villanueva.	13873	0,1	0,1	Baja	0,05	0,03
Guajira	Villanueva..	44874	0,1	0,1	Baja	0,05	0,03
Cundinamarca	Villapinzón	25873	0,2	0,2	Intermedia	0,11	0,05
Tolima	Villarrica	73873	0,25	0,2	Alta	0,09	0,05
Meta	Villavicencio	50001	0,25	0,3	Alta	0,2	0,07
Huila	Villavieja	41872	0,25	0,25	Alta	0,19	0,07
Cundinamarca	Villeta	25875	0,15	0,2	Intermedia	0,17	0,06
Cundinamarca	Viotá	25878	0,2	0,2	Intermedia	0,1	0,05
Boyacá	Viracachá	15879	0,2	0,25	Alta	0,16	0,08
Meta	Vista Hermosa	50711	0,05	0,15	Intermedia	0,04	0,02
Caldas	Viterbo	17877	0,25	0,3	Alta	0,23	0,1
Cundinamarca	Yacopí	25885	0,15	0,15	Intermedia	0,15	0,06
Nariño	Yacuanquer	52885	0,25	0,25	Alta	0,11	0,07
Huila	Yaguará	41885	0,25	0,2	Alta	0,19	0,08
Antioquia	Yalí	5885	0,15	0,2	Intermedia	0,09	0,05
Antioquia	Yarumal	5887	0,15	0,2	Intermedia	0,09	0,05
Vaupés	Yavarate	97889	0,05	0,05	Baja	0,04	0,02
Antioquia	Yolombó	5890	0,15	0,2	Intermedia	0,08	0,04
Antioquia	Yondó	5893	0,15	0,15	Intermedia	0,06	0,04
Casanare	Yopal	85001	0,3	0,2	Alta	0,15	0,06
Valle del Cauca	Yotocó	76890	0,25	0,25	Alta	0,16	0,1
Valle del Cauca	Yumbo	76892	0,25	0,25	Alta	0,16	0,1
Bolívar	Zambrano	13894	0,1	0,1	Baja	0,06	0,03
Santander	Zapatoca	68895	0,2	0,2	Intermedia	0,2	0,1
Magdalena	Zapayán	47960	0,1	0,1	Baja	0,04	0,02
Antioquia	Zaragoza	5895	0,15	0,2	Intermedia	0,05	0,03
Valle del Cauca	Zarzal	76895	0,25	0,25	Alta	0,14	0,1
Boyacá	Zetaquirá	15897	0,2	0,25	Alta	0,16	0,08
Cundinamarca	Zipacón	25898	0,15	0,2	Intermedia	0,13	0,06
Cundinamarca	Zipaquirá	25899	0,15	0,2	Intermedia	0,09	0,05
Magdalena	Zona Bananera	47980	0,1	0,1	Baja	0,08	0,02
